sku,custom_label_2
835470,pws_stage1_3m
837168,pws_stage1_3m
835531,pws_stage1_3m
835533,pws_stage1_3m
835535,pws_stage1_3m
238083,pws_stage1_3m
238084,pws_stage1_3m
837256,pws_stage1_3m
837257,pws_stage1_3m
837258,pws_stage1_3m
844673,pws_stage1_3m
844667,pws_stage1_3m
844676,pws_stage1_3m
844681,pws_stage1_3m
844773,pws_stage1_3m
835478,pws_stage1_3m
837121,pws_stage1_3m
837126,pws_stage1_3m
837255,pws_stage1_3m
439384,pws_stage1_3m
439388,pws_stage1_3m
439390,pws_stage1_3m
439391,pws_stage1_3m
439392,pws_stage1_3m
439398,pws_stage1_3m
439399,pws_stage1_3m
439400,pws_stage1_3m
439401,pws_stage1_3m
439402,pws_stage1_3m
439406,pws_stage1_3m
439407,pws_stage1_3m
439409,pws_stage1_3m
439416,pws_stage1_3m
835801,pws_stage1_3m
835523,pws_stage1_3m
850212,pws_stage1_3m
849985,pws_stage1_3m
850211,pws_stage1_3m
850014,pws_stage1_3m
835459,pws_stage1_3m
835462,pws_stage1_3m
835465,pws_stage1_3m
835484,pws_stage1_3m
835526,pws_stage1_3m
835586,pws_stage1_3m
23280,pws_stage1_3m
23288,pws_stage1_3m
23376,pws_stage1_3m
23287,pws_stage1_3m
23260,pws_stage1_3m
379740,pws_stage1_3m
23293,pws_stage1_3m
23372,pws_stage1_3m
837169,pws_stage1_3m
839704,pws_stage1_3m
839703,pws_stage1_3m
839705,pws_stage1_3m
839758,pws_stage1_3m
837125,pws_stage1_3m
840206,pws_stage1_3m
