sku,custom_label_2
828234,spyder_curated
856649,spyder_curated
856654,spyder_curated
851386,spyder_curated
828204,spyder_curated
827922,spyder_curated
828176,spyder_curated
828202,spyder_curated
856650,spyder_curated
856651,spyder_curated
828178,spyder_curated
828200,spyder_curated
827921,spyder_curated
833742,spyder_curated
827898,spyder_curated
827929,spyder_curated
827897,spyder_curated
856652,spyder_curated
856653,spyder_curated
828177,spyder_curated
827913,spyder_curated
828231,spyder_curated
827893,spyder_curated
827920,spyder_curated
818589,spyder_curated
656994,spyder_curated
828175,spyder_curated
828206,spyder_curated
828172,spyder_curated
827976,spyder_curated
827919,spyder_curated
828173,spyder_curated
827892,spyder_curated
828170,spyder_curated
828171,spyder_curated
828020,spyder_curated
827901,spyder_curated
827974,spyder_curated
828161,spyder_curated
828157,spyder_curated
828163,spyder_curated
827911,spyder_curated
827917,spyder_curated
828169,spyder_curated
828159,spyder_curated
827973,spyder_curated
827907,spyder_curated
828058,spyder_curated
827900,spyder_curated
828242,spyder_curated
827890,spyder_curated
828250,spyder_curated
827879,spyder_curated
827915,spyder_curated
827918,spyder_curated
827906,spyder_curated
828168,spyder_curated
828132,spyder_curated
827982,spyder_curated
827885,spyder_curated
828154,spyder_curated
828179,spyder_curated
827908,spyder_curated
827912,spyder_curated
827972,spyder_curated
828245,spyder_curated
827971,spyder_curated
827968,spyder_curated
828167,spyder_curated
827876,spyder_curated
827896,spyder_curated
828130,spyder_curated
828180,spyder_curated
827940,spyder_curated
828229,spyder_curated
827914,spyder_curated
828131,spyder_curated
827981,spyder_curated
828059,spyder_curated
828028,spyder_curated
828166,spyder_curated
828198,spyder_curated
828228,spyder_curated
828232,spyder_curated
828155,spyder_curated
827884,spyder_curated
828129,spyder_curated
828026,spyder_curated
827905,spyder_curated
827910,spyder_curated
827883,spyder_curated
828128,spyder_curated
827969,spyder_curated
828247,spyder_curated
828227,spyder_curated
828127,spyder_curated
828152,spyder_curated
828233,spyder_curated
827895,spyder_curated
827877,spyder_curated
828235,spyder_curated
827979,spyder_curated
827856,spyder_curated
828065,spyder_curated
827928,spyder_curated
828248,spyder_curated
828197,spyder_curated
828057,spyder_curated
827970,spyder_curated
828091,spyder_curated
828164,spyder_curated
828193,spyder_curated
828199,spyder_curated
828196,spyder_curated
827881,spyder_curated
828126,spyder_curated
828133,spyder_curated
827850,spyder_curated
828194,spyder_curated
828230,spyder_curated
827875,spyder_curated
828181,spyder_curated
828182,spyder_curated
828151,spyder_curated
828150,spyder_curated
827924,spyder_curated
827916,spyder_curated
827978,spyder_curated
828192,spyder_curated
827872,spyder_curated
827941,spyder_curated
828149,spyder_curated
828226,spyder_curated
828125,spyder_curated
828195,spyder_curated
828225,spyder_curated
827882,spyder_curated
667853,spyder_curated
828123,spyder_curated
827894,spyder_curated
804749,spyder_curated
827869,spyder_curated
828078,spyder_curated
828124,spyder_curated
828148,spyder_curated
828153,spyder_curated
827880,spyder_curated
828120,spyder_curated
828147,spyder_curated
828224,spyder_curated
804754,spyder_curated
828156,spyder_curated
828220,spyder_curated
827873,spyder_curated
827899,spyder_curated
828223,spyder_curated
827867,spyder_curated
828222,spyder_curated
828191,spyder_curated
828121,spyder_curated
827904,spyder_curated
828146,spyder_curated
828122,spyder_curated
828089,spyder_curated
828118,spyder_curated
828221,spyder_curated
828119,spyder_curated
804756,spyder_curated
827925,spyder_curated
828024,spyder_curated
828070,spyder_curated
828072,spyder_curated
828189,spyder_curated
827874,spyder_curated
828145,spyder_curated
828025,spyder_curated
828027,spyder_curated
827878,spyder_curated
828217,spyder_curated
828218,spyder_curated
827868,spyder_curated
828219,spyder_curated
827866,spyder_curated
827909,spyder_curated
827891,spyder_curated
827889,spyder_curated
804747,spyder_curated
827870,spyder_curated
828249,spyder_curated
828190,spyder_curated
828143,spyder_curated
869046,spyder_fallback
869045,spyder_fallback
869100,spyder_fallback
869144,spyder_fallback
827938,spyder_fallback
869114,spyder_fallback
869178,spyder_fallback
869113,spyder_fallback
869061,spyder_fallback
869029,spyder_fallback
869150,spyder_fallback
869014,spyder_fallback
869230,spyder_fallback
869203,spyder_fallback
869204,spyder_fallback
869083,spyder_fallback
869055,spyder_fallback
869000,spyder_fallback
869033,spyder_fallback
828244,spyder_fallback
869024,spyder_fallback
869195,spyder_fallback
869003,spyder_fallback
869216,spyder_fallback
869044,spyder_fallback
869122,spyder_fallback
869126,spyder_fallback
869224,spyder_fallback
869176,spyder_fallback
827935,spyder_fallback
869142,spyder_fallback
869221,spyder_fallback
869190,spyder_fallback
869027,spyder_fallback
869071,spyder_fallback
869096,spyder_fallback
869009,spyder_fallback
868951,spyder_fallback
868998,spyder_fallback
869015,spyder_fallback
869001,spyder_fallback
869229,spyder_fallback
869004,spyder_fallback
869118,spyder_fallback
869034,spyder_fallback
869095,spyder_fallback
869137,spyder_fallback
827939,spyder_fallback
869019,spyder_fallback
869053,spyder_fallback
869140,spyder_fallback
827934,spyder_fallback
869077,spyder_fallback
869117,spyder_fallback
869006,spyder_fallback
869094,spyder_fallback
869098,spyder_fallback
869172,spyder_fallback
869153,spyder_fallback
868954,spyder_fallback
869202,spyder_fallback
869129,spyder_fallback
869157,spyder_fallback
869201,spyder_fallback
827936,spyder_fallback
869115,spyder_fallback
869025,spyder_fallback
867656,spyder_fallback
869158,spyder_fallback
869035,spyder_fallback
869125,spyder_fallback
868949,spyder_fallback
869013,spyder_fallback
869145,spyder_fallback
869002,spyder_fallback
869124,spyder_fallback
869043,spyder_fallback
869181,spyder_fallback
869167,spyder_fallback
869127,spyder_fallback
827933,spyder_fallback
869026,spyder_fallback
869023,spyder_fallback
869218,spyder_fallback
869047,spyder_fallback
869028,spyder_fallback
869116,spyder_fallback
869219,spyder_fallback
869143,spyder_fallback
869010,spyder_fallback
869050,spyder_fallback
827930,spyder_fallback
869067,spyder_fallback
869092,spyder_fallback
869154,spyder_fallback
869206,spyder_fallback
828183,spyder_fallback
869191,spyder_fallback
869131,spyder_fallback
869057,spyder_fallback
869080,spyder_fallback
869162,spyder_fallback
869099,spyder_fallback
869168,spyder_fallback
869192,spyder_fallback
869184,spyder_fallback
869134,spyder_fallback
869211,spyder_fallback
869069,spyder_fallback
869220,spyder_fallback
869066,spyder_fallback
869212,spyder_fallback
869031,spyder_fallback
869088,spyder_fallback
869105,spyder_fallback
869188,spyder_fallback
827937,spyder_fallback
869072,spyder_fallback
868959,spyder_fallback
869141,spyder_fallback
869005,spyder_fallback
869169,spyder_fallback
869120,spyder_fallback
869111,spyder_fallback
869110,spyder_fallback
827949,spyder_fallback
869042,spyder_fallback
869056,spyder_fallback
869041,spyder_fallback
869107,spyder_fallback
869171,spyder_fallback
828032,spyder_fallback
868957,spyder_fallback
828117,spyder_fallback
869016,spyder_fallback
869149,spyder_fallback
869199,spyder_fallback
828021,spyder_fallback
869074,spyder_fallback
827871,spyder_fallback
868980,spyder_fallback
827923,spyder_fallback
828066,spyder_fallback
869039,spyder_fallback
869139,spyder_fallback
828022,spyder_fallback
828023,spyder_fallback
828116,spyder_fallback
828203,spyder_fallback
828216,spyder_fallback
828062,spyder_fallback
828063,spyder_fallback
827932,spyder_fallback
827865,spyder_fallback
828064,spyder_fallback
828240,spyder_fallback
869119,spyder_fallback
828246,spyder_fallback
828115,spyder_fallback
828215,spyder_fallback
869222,spyder_fallback
869112,spyder_fallback
827967,spyder_fallback
828113,spyder_fallback
869225,spyder_fallback
828214,spyder_fallback
869174,spyder_fallback
828201,spyder_fallback
827864,spyder_fallback
828069,spyder_fallback
828071,spyder_fallback
828092,spyder_fallback
828088,spyder_fallback
828188,spyder_fallback
827926,spyder_fallback
828236,spyder_fallback
869166,spyder_fallback
827931,spyder_fallback
828187,spyder_fallback
827947,spyder_fallback
869183,spyder_fallback
828238,spyder_fallback
828241,spyder_fallback
869078,spyder_fallback
827860,spyder_fallback
828213,spyder_fallback
868979,spyder_fallback
868982,spyder_fallback
869210,spyder_fallback
869185,spyder_fallback
827861,spyder_fallback
828186,spyder_fallback
828114,spyder_fallback
869038,spyder_fallback
869084,spyder_fallback
827827,spyder_fallback
804748,spyder_fallback
827927,spyder_fallback
827965,spyder_fallback
828210,spyder_fallback
828212,spyder_fallback
828144,spyder_fallback
828209,spyder_fallback
828211,spyder_fallback
869215,spyder_fallback
827902,spyder_fallback
827948,spyder_fallback
828185,spyder_fallback
869070,spyder_fallback
828111,spyder_fallback
868985,spyder_fallback
828112,spyder_fallback
869086,spyder_fallback
869180,spyder_fallback
827863,spyder_fallback
869163,spyder_fallback
828208,spyder_fallback
828237,spyder_fallback
869051,spyder_fallback
804742,spyder_fallback
869151,spyder_fallback
828031,spyder_fallback
828068,spyder_fallback
828184,spyder_fallback
828239,spyder_fallback
869109,spyder_fallback
869196,spyder_fallback
869018,spyder_fallback
868956,spyder_fallback
828109,spyder_fallback
827862,spyder_fallback
827903,spyder_fallback
869054,spyder_fallback
869063,spyder_fallback
869223,spyder_fallback
828207,spyder_fallback
869208,spyder_fallback
828033,spyder_fallback
827966,spyder_fallback
869214,spyder_fallback
827859,spyder_fallback
869040,spyder_fallback
828060,spyder_fallback
828061,spyder_fallback
869128,spyder_fallback
804746,spyder_fallback
827951,spyder_fallback
827857,spyder_fallback
868960,spyder_fallback
827888,spyder_fallback
869036,spyder_fallback
828141,spyder_fallback
828110,spyder_fallback
869173,spyder_fallback
827887,spyder_fallback
869161,spyder_fallback
828067,spyder_fallback
827886,spyder_fallback
827977,spyder_fallback
869175,spyder_fallback
42408,spyder_fallback
869138,spyder_fallback
828108,spyder_fallback
827975,spyder_fallback
869193,spyder_fallback
804753,spyder_fallback
869207,spyder_fallback
828090,spyder_fallback
869182,spyder_fallback
828243,spyder_fallback
869159,spyder_fallback
828011,spyder_fallback
827858,spyder_fallback
869227,spyder_fallback
869076,spyder_fallback
869064,spyder_fallback
827946,spyder_fallback
869085,spyder_fallback
804750,spyder_fallback
869130,spyder_fallback
828107,spyder_fallback
42406,spyder_fallback
828106,spyder_fallback
827820,spyder_fallback
828142,spyder_fallback
869198,spyder_fallback
828104,spyder_fallback
828100,spyder_fallback
804751,spyder_fallback
828140,spyder_fallback
869197,spyder_fallback
869186,spyder_fallback
828093,spyder_fallback
828014,spyder_fallback
828105,spyder_fallback
869007,spyder_fallback
828013,spyder_fallback
828015,spyder_fallback
828103,spyder_fallback
827945,spyder_fallback
868983,spyder_fallback
804752,spyder_fallback
828137,spyder_fallback
869062,spyder_fallback
828101,spyder_fallback
828102,spyder_fallback
869068,spyder_fallback
827944,spyder_fallback
869075,spyder_fallback
827964,spyder_fallback
804755,spyder_fallback
869179,spyder_fallback
828138,spyder_fallback
869089,spyder_fallback
869048,spyder_fallback
827943,spyder_fallback
869087,spyder_fallback
869177,spyder_fallback
869217,spyder_fallback
869059,spyder_fallback
827851,spyder_fallback
869205,spyder_fallback
827824,spyder_fallback
868990,spyder_fallback
828016,spyder_fallback
869152,spyder_fallback
828075,spyder_fallback
828097,spyder_fallback
828139,spyder_fallback
868995,spyder_fallback
827822,spyder_fallback
869106,spyder_fallback
827848,spyder_fallback
828087,spyder_fallback
804745,spyder_fallback
827826,spyder_fallback
828048,spyder_fallback
828099,spyder_fallback
827855,spyder_fallback
828158,spyder_fallback
868999,spyder_fallback
868989,spyder_fallback
827825,spyder_fallback
827849,spyder_fallback
827819,spyder_fallback
827846,spyder_fallback
828029,spyder_fallback
828162,spyder_fallback
869226,spyder_fallback
828160,spyder_fallback
828074,spyder_fallback
869058,spyder_fallback
827942,spyder_fallback
828136,spyder_fallback
827823,spyder_fallback
869052,spyder_fallback
828019,spyder_fallback
804744,spyder_fallback
827847,spyder_fallback
868988,spyder_fallback
828073,spyder_fallback
869155,spyder_fallback
828165,spyder_fallback
869189,spyder_fallback
706920,spyder_fallback
827854,spyder_fallback
827845,spyder_fallback
828036,spyder_fallback
828037,spyder_fallback
828038,spyder_fallback
827963,spyder_fallback
869091,spyder_fallback
869170,spyder_fallback
706919,spyder_fallback
828135,spyder_fallback
804743,spyder_fallback
827853,spyder_fallback
827852,spyder_fallback
868996,spyder_fallback
869097,spyder_fallback
869133,spyder_fallback
869200,spyder_fallback
827962,spyder_fallback
868984,spyder_fallback
868997,spyder_fallback
868987,spyder_fallback
706917,spyder_fallback
869030,spyder_fallback
